{"cameraMode":{"drawMode":0,"name":"Shaded","section":"Shading Mode"},"sceneLighting":true,"audioPlay":false,"sceneViewState":{"showFog":true,"showMaterialUpdate":false,"showSkybox":true,"showFlares":true,"showImageEffects":true,"showParticleSystems":true},"in2DMode":false,"pivot":{"x":-1.114000678062439,"y":-0.2683218717575073,"z":2.0124166011810304},"rotation":{"x":-0.33924126625061037,"y":-0.17853136360645295,"z":0.06575506925582886,"w":-0.921322762966156},"size":0.9919275641441345,"orthographic":false}