{"cameraMode":{"drawMode":0,"name":"Shaded","section":"Shading Mode"},"sceneLighting":true,"audioPlay":false,"sceneViewState":{"showFog":true,"showMaterialUpdate":false,"showSkybox":true,"showFlares":true,"showImageEffects":true,"showParticleSystems":true},"in2DMode":false,"pivot":{"x":-0.4390055537223816,"y":-0.6913228631019592,"z":2.1800811290740969},"rotation":{"x":-0.015070781111717224,"y":-0.176967591047287,"z":0.0026905061677098276,"w":-0.9841628074645996},"size":1.7064478397369385,"orthographic":false}