{"cameraMode":{"drawMode":0,"name":"Shaded","section":"Shading Mode"},"sceneLighting":true,"audioPlay":false,"sceneViewState":{"showFog":true,"showMaterialUpdate":false,"showSkybox":true,"showFlares":true,"showImageEffects":true,"showParticleSystems":true},"in2DMode":false,"pivot":{"x":0.5685365200042725,"y":-1.693650245666504,"z":3.6177220344543459},"rotation":{"x":-0.25962719321250918,"y":-0.41854873299598696,"z":0.1261603981256485,"w":-0.8611571192741394},"size":4.416351795196533,"orthographic":false}