{"cameraMode":{"drawMode":0,"name":"Shaded","section":"Shading Mode"},"sceneLighting":true,"audioPlay":false,"sceneViewState":{"showFog":true,"showMaterialUpdate":false,"showSkybox":true,"showFlares":true,"showImageEffects":true,"showParticleSystems":true},"in2DMode":false,"pivot":{"x":0.8559999465942383,"y":-0.28599995374679568,"z":4.730000019073486},"rotation":{"x":-0.18376655876636506,"y":0.002056410536170006,"z":-0.0004063149099238217,"w":-0.9830147624015808},"size":3.8509843349456789,"orthographic":false}