{"cameraMode":{"drawMode":0,"name":"Shaded","section":"Shading Mode"},"sceneLighting":true,"audioPlay":false,"sceneViewState":{"showFog":true,"showMaterialUpdate":false,"showSkybox":true,"showFlares":true,"showImageEffects":true,"showParticleSystems":true},"in2DMode":false,"pivot":{"x":0.16445311903953553,"y":-1.3881051540374756,"z":3.1597177982330324},"rotation":{"x":-0.25970545411109927,"y":-0.025492895394563676,"z":0.006857902742922306,"w":-0.9653312563896179},"size":2.8470377922058107,"orthographic":false}