{"cameraMode":{"drawMode":0,"name":"Shaded","section":"Shading Mode"},"sceneLighting":true,"audioPlay":false,"sceneViewState":{"showFog":true,"showMaterialUpdate":false,"showSkybox":true,"showFlares":true,"showImageEffects":true,"showParticleSystems":true},"in2DMode":false,"pivot":{"x":0.022242829203605653,"y":-0.516287088394165,"z":1.211120367050171},"rotation":{"x":-0.19490039348602296,"y":-0.6249984502792358,"z":0.16513249278068543,"w":-0.7376692891120911},"size":4.960830211639404,"orthographic":false}