{"cameraMode":{"drawMode":0,"name":"Shaded","section":"Shading Mode"},"sceneLighting":true,"audioPlay":false,"sceneViewState":{"showFog":true,"showMaterialUpdate":false,"showSkybox":true,"showFlares":true,"showImageEffects":true,"showParticleSystems":true},"in2DMode":false,"pivot":{"x":0.16445311903953553,"y":-1.3881051540374756,"z":3.1597177982330324},"rotation":{"x":-0.37630853056907656,"y":-0.0036156356800347568,"z":0.0014676672872155905,"w":-0.9264914393424988},"size":2.8470377922058107,"orthographic":false}